{
  "accuracy": 0.26702607594286365,
  "precision": 0.26665859083751847,
  "recall": 0.9989102361124087,
  "f1": 0.42094588656527765,
  "confusion_matrix": [
    [
      22015,
      26582221
    ],
    [
      10545,
      9665863
    ]
  ],
  "support": {
    "halt": 9676408,
    "nonhalt": 26604236
  }
}